id,rotulo,grupo,unidade,fmt,sentido,fonte,formula,nota,kpi,ano_max,descricao,ordem,nota_curta
populacao,População,contexto,habitantes,int,0,IBGE,Estimativa populacional do IBGE (2022 = Censo; 2023 = interpolação entre o Censo 2022 e a estimativa 2024),Boa Esperança do Norte só tem população a partir de 2025 (município instalado em 2025).,0,2025,Número de habitantes residentes no município.,1,
desp_total_pc,Despesa em saúde por habitante,financiamento,R$ por habitante,brl,0,SIOPS (RREO),desp_total_saude / populacao,"Despesa liquidada do município na função Saúde, acumulada no ano, em R$ correntes (sem deflação); inclui todas as fontes (recursos próprios e transferências).",1,2025,"Quanto o município liquidou em saúde no ano, por habitante.",2,"R$ correntes, sem deflação; todas as fontes de recursos."
desp_ab_pc,Despesa em atenção básica por habitante,financiamento,R$ por habitante,brl,0,SIOPS (RREO),desp_301_atencao_basica / populacao  (subfunção 301),"A classificação por subfunção do SIOPS é pouco confiável em alguns municípios (Várzea Grande, Cuiabá, Rondolândia, Alto Boa Vista e Planalto da Serra lançam grande parte da despesa em 'outras subfunções'); prefira a despesa total para comparações.",0,2025,"Despesa liquidada na subfunção Atenção Básica (301), por habitante.",3,
desp_mac_pc,Despesa em média e alta complexidade por habitante,financiamento,R$ por habitante,brl,0,SIOPS (RREO),desp_302_mac / populacao  (subfunção 302 — assistência hospitalar e ambulatorial),"A classificação por subfunção do SIOPS é pouco confiável em alguns municípios (Várzea Grande, Cuiabá, Rondolândia, Alto Boa Vista e Planalto da Serra lançam grande parte da despesa em 'outras subfunções'); prefira a despesa total para comparações.",0,2025,"Despesa liquidada na subfunção Assistência Hospitalar e Ambulatorial (302), por habitante.",4,
pct_recursos_proprios,Despesa com recursos próprios,financiamento,% da despesa total,pct1,0,SIOPS (RREO),100 × desp_recursos_proprios / desp_total_saude,"Parcela da despesa em saúde financiada com receitas próprias do município (impostos e transferências constitucionais), e não com transferências do SUS. Valores fora de 0–100% (lançamentos negativos no SIOPS: Novo Santo Antônio 2020, Peixoto de Azevedo 2021) foram anulados.",0,2025,Parcela da despesa em saúde paga com receitas próprias do município.,5,
pct_capital,Despesa de capital,financiamento,% da despesa total,pct1,0,SIOPS (RREO),100 × desp_capital / desp_total_saude,"Investimentos (obras, equipamentos) em relação à despesa total; oscila muito de um ano para outro.",0,2025,Parcela da despesa em saúde destinada a investimentos.,6,
fte_medicos_p1000,Médicos SUS por mil habitantes,capacidade,FTE por mil hab.,dec2,1,CNES,1000 × fte_medicos_sus / populacao,"FTE = vínculos com atendimento SUS em equivalente a 40 h semanais; média das competências do ano (CNES). O crescimento ao longo do tempo pode refletir melhoria do registro, não apenas expansão real.",1,2025,"Médicos com atendimento SUS, em equivalentes de 40 h semanais, por mil habitantes.",7,FTE de 40 h; o crescimento pode refletir melhoria do registro no CNES.
fte_enfermeiros_p1000,Enfermeiros SUS por mil habitantes,capacidade,FTE por mil hab.,dec2,1,CNES,1000 × fte_enfermeiros_sus / populacao,"FTE = vínculos com atendimento SUS em equivalente a 40 h semanais; média das competências do ano (CNES). O crescimento ao longo do tempo pode refletir melhoria do registro, não apenas expansão real.",0,2025,Enfermeiros com atendimento SUS (FTE 40 h) por mil habitantes.,8,
fte_tec_enfermagem_p1000,Técnicos de enfermagem SUS por mil habitantes,capacidade,FTE por mil hab.,dec2,1,CNES,1000 × fte_tec_enfermagem_sus / populacao,"FTE = vínculos com atendimento SUS em equivalente a 40 h semanais; média das competências do ano (CNES). O crescimento ao longo do tempo pode refletir melhoria do registro, não apenas expansão real.",0,2025,Técnicos de enfermagem com atendimento SUS (FTE 40 h) por mil habitantes.,9,
fte_acs_p1000,Agentes comunitários de saúde por mil habitantes,capacidade,FTE por mil hab.,dec2,1,CNES,1000 × fte_acs / populacao,"FTE = vínculos com atendimento SUS em equivalente a 40 h semanais; média das competências do ano (CNES). O crescimento ao longo do tempo pode refletir melhoria do registro, não apenas expansão real.",0,2025,Agentes comunitários de saúde (FTE 40 h) por mil habitantes.,10,
fte_dentistas_p1000,Dentistas SUS por mil habitantes,capacidade,FTE por mil hab.,dec2,1,CNES,1000 × fte_dentistas_sus / populacao,"FTE = vínculos com atendimento SUS em equivalente a 40 h semanais; média das competências do ano (CNES). O crescimento ao longo do tempo pode refletir melhoria do registro, não apenas expansão real.",0,2025,Cirurgiões-dentistas com atendimento SUS (FTE 40 h) por mil habitantes.,11,
leitos_sus_p1000,Leitos SUS por mil habitantes,capacidade,leitos por mil hab.,dec2,1,CNES,1000 × leitos_sus / populacao,Leitos de internação disponíveis ao SUS; média das competências do ano. Municípios sem hospital SUS têm valor zero.,1,2025,Leitos de internação disponíveis ao SUS por mil habitantes.,12,Zero onde não há hospital SUS; média das competências do ano.
leitos_uti_sus,Leitos de UTI SUS,capacidade,leitos,int,0,CNES,leitos_uti_sus (média das competências do ano),Sub-registro no CNES: há hospitais com UTI em funcionamento e zero leitos de UTI SUS declarados; em 2020–2021 inclui leitos COVID.,0,2025,Leitos de UTI disponíveis ao SUS (média anual).,13,Sub-registro conhecido no CNES.
equip_sus_p10000,Equipamentos SUS em uso por 10 mil habitantes,capacidade,equipamentos por 10 mil hab.,dec1,1,CNES,10000 × equip_sus_uso / populacao,"Equipamentos declarados em uso e disponíveis ao SUS (todas as categorias, sem ponderação); a série cresce com a melhoria do registro.",0,2025,Equipamentos em uso disponíveis ao SUS por 10 mil habitantes.,14,
n_ubs,Unidades básicas de saúde,capacidade,unidades,int,0,CNES,n_ubs (média das competências do ano),Estabelecimentos do tipo centro de saúde/unidade básica com atendimento SUS.,0,2025,Número de unidades básicas de saúde (média anual).,15,
n_hospitais_sus,Hospitais SUS,capacidade,hospitais,int,0,CNES,n_hospitais_sus (média das competências do ano),"Hospitais (gerais, especializados e de dia) com atendimento SUS; 53 municípios não tinham hospital SUS em 2025.",0,2025,Número de hospitais com atendimento SUS (média anual).,16,
n_upa,Unidades de pronto atendimento,capacidade,unidades,int,0,CNES,n_upa (média das competências do ano),,0,2025,Número de UPA/pronto atendimento com atendimento SUS (média anual).,17,
n_estab_sus,Estabelecimentos com atendimento SUS,capacidade,estabelecimentos,int,0,CNES,n_estab_sus (média das competências do ano),Todos os tipos de estabelecimento com atendimento SUS.,0,2025,Número de estabelecimentos de saúde com atendimento SUS (média anual).,18,
equipes_esf_p10000,Equipes de Saúde da Família por 10 mil habitantes,capacidade,equipes por 10 mil hab.,dec2,1,CNES,10000 × n_equipes_esf / populacao,"Equipes eSF (tipo 70 e códigos antigos); média das competências do ano. Referência usual: 1 equipe para 2 mil a 3,5 mil habitantes (2,9 a 5 por 10 mil).",0,2025,Equipes de Saúde da Família por 10 mil habitantes.,19,
n_equipes_eap,Equipes de atenção primária (eAP),capacidade,equipes,int,0,CNES,n_equipes_eap (média das competências do ano),,0,2025,"Equipes de atenção primária (modalidade eAP), média anual.",20,
n_equipes_esb,Equipes de saúde bucal,capacidade,equipes,int,0,CNES,n_equipes_esb (média das competências do ano),,0,2025,"Equipes de saúde bucal (eSB), média anual.",21,
atend_individual_pc,Atendimentos individuais na atenção básica por habitante,atencao_basica,atendimentos por hab.,dec2,1,SISAB,sisab_atend_individual / populacao,Atendimentos individuais registrados no SISAB (e-SUS APS) por profissionais da atenção básica; o registro caiu em 2020 (pandemia) e cresce com a informatização.,1,2025,Atendimentos individuais da atenção básica por habitante no ano.,22,Registro no SISAB cresce com a informatização; caiu em 2020.
procedimentos_ab_pc,Procedimentos na atenção básica por habitante,atencao_basica,procedimentos por hab.,dec2,1,SISAB,sisab_procedimentos / populacao,"Procedimentos registrados no SISAB (curativos, vacinas, coletas etc.).",0,2025,Procedimentos da atenção básica por habitante no ano.,23,
visitas_pc,Visitas domiciliares por habitante,atencao_basica,visitas por hab.,dec2,1,SISAB,sisab_visitas_domiciliares / populacao,"Visitas registradas no SISAB, sobretudo por agentes comunitários de saúde.",0,2025,Visitas domiciliares da atenção básica por habitante no ano.,24,
atend_odonto_pc,Atendimentos odontológicos por habitante,atencao_basica,atendimentos por hab.,dec2,1,SISAB,sisab_atend_odonto / populacao,,0,2025,Atendimentos odontológicos individuais na atenção básica por habitante.,25,
doses_menor1_por_nv,Doses de vacina em menores de 1 ano por nascido vivo,atencao_basica,doses por nascido vivo,dec2,1,SI-PNI / SINASC,sipni_doses_menor1_local / nascidos_vivos,"Doses aplicadas no município (local de aplicação) em menores de 1 ano, sem COVID, por nascido vivo de mãe residente; até 2024 (limite do SINASC). Municípios-polo aplicam doses em crianças de outros municípios.",0,2024,Doses aplicadas em menores de 1 ano por nascido vivo residente.,26,
doses_pc,Doses de vacina aplicadas por habitante,atencao_basica,doses por hab.,dec2,1,SI-PNI,sipni_doses_local / populacao,"Doses de todas as vacinas de rotina aplicadas no município, sem COVID.",0,2025,Doses de vacina de rotina aplicadas no município por habitante.,27,
qtd_mc_local_pc,Procedimentos de média complexidade por habitante,media_alta,procedimentos por hab.,dec2,1,SIA/SUS,qtd_mc_local / populacao,Procedimentos ambulatoriais aprovados de média complexidade realizados em estabelecimentos do município (inclui pacientes de outros municípios). Valores extremos por registro consolidado (BPA-C) em alguns municípios.,0,2025,Procedimentos ambulatoriais de média complexidade realizados no município por habitante.,28,
qtd_ac_local_pc,Procedimentos de alta complexidade por habitante,media_alta,procedimentos por hab.,dec2,1,SIA/SUS,qtd_ac_local / populacao,Procedimentos ambulatoriais de alta complexidade realizados no município; concentrados nos polos regionais (a maioria dos municípios tem zero).,0,2025,Procedimentos ambulatoriais de alta complexidade realizados no município por habitante.,29,
internacoes_local_p1000,Internações realizadas no município por mil habitantes,media_alta,internações por mil hab.,dec1,0,SIH/SUS,1000 × internacoes_local / populacao,"AIH pagas (tipo 1) por hospitais do município, ano da alta; inclui pacientes de outros municípios. Zero onde não há hospital SUS.",0,2025,Internações SUS realizadas em hospitais do município por mil habitantes.,30,
internacoes_res_p1000,Internações de residentes por mil habitantes,media_alta,internações por mil hab.,dec1,0,SIH/SUS,1000 × internacoes_res / populacao,Internações SUS de moradores do município em qualquer hospital de MT; não inclui internações fora do estado (não observadas).,0,2025,Internações SUS de moradores do município por mil habitantes.,31,
pct_urgencia,Internações de urgência,media_alta,% das internações locais,pct1,0,SIH/SUS,100 × internacoes_urgencia_local / internacoes_local,"Caráter de internação diferente de eletivo, nas internações realizadas no município. Vazio onde não há internação local.",0,2025,Parcela das internações realizadas no município com caráter de urgência.,32,
mortalidade_hosp_pct,Mortalidade hospitalar,media_alta,% das internações locais,pct1,-1,SIH/SUS,100 × obitos_hosp_local / internacoes_local,"Óbitos nas internações realizadas no município, sem ajuste de risco (hospitais de referência recebem casos mais graves). Em 2020–2021 refletiu a COVID-19. Vazio onde não há internação local.",0,2025,Parcela das internações realizadas no município que terminaram em óbito.,33,Sem ajuste de risco.
permanencia_media,Permanência média das internações,media_alta,dias,dec1,0,SIH/SUS,diarias_local / internacoes_local,Diárias pagas por internação nos hospitais do município. Vazio onde não há internação local.,0,2025,Média de dias por internação nos hospitais do município.,34,
diarias_uti_p1000,Diárias de UTI por mil habitantes,media_alta,diárias por mil hab.,dec1,0,SIH/SUS,1000 × diarias_uti_local / populacao,Diárias de UTI pagas em hospitais do município; concentradas nos polos.,0,2025,Diárias de UTI pagas em hospitais do município por mil habitantes.,35,
valor_sih_local_pc,Valor das internações realizadas no município por habitante,media_alta,R$ por habitante,brl,0,SIH/SUS,valor_sih_local / populacao,"Valor aprovado das AIH pagas a hospitais do município, R$ correntes (produção, não despesa).",0,2025,"Valor pago pelo SUS às internações realizadas no município, por habitante.",36,
valor_sih_res_pc,Valor das internações de residentes por habitante,media_alta,R$ por habitante,brl,0,SIH/SUS,valor_sih_res / populacao,"Valor aprovado das AIH de moradores do município, onde quer que tenham sido internados em MT; R$ correntes.",0,2025,"Valor pago pelo SUS às internações de moradores do município, por habitante.",37,
pct_internacoes_fora_mun,Internações fora do município de residência,deslocamento,% das internações de residentes,pct1,-1,SIH/SUS,100 × internacoes_res_fora / internacoes_res,"Parcela dos moradores internados em hospitais de outro município de MT. Menor valor indica mais atendimento local, mas não é 'ruim' em si: a alta complexidade é regionalizada por desenho. Vazio quando não há internação de residentes.",1,2025,Parcela das internações de moradores realizadas em outro município.,38,Não é 'ruim' em si: a alta complexidade é regionalizada; fuga para outros estados não observada.
pct_internacoes_fora_regiao,Internações fora da região de saúde,deslocamento,% das internações de residentes,pct1,0,SIH/SUS (AIH reduzida),100 × internações em hospitais de outra região de saúde / internações de residentes,"Calculado a partir das AIH (tipo 1, ano da alta) na análise de deslocamento; só residentes de MT identificados. Fuga para outros estados não observada.",0,2025,Parcela das internações de moradores realizadas fora da própria região de saúde.,39,
km_medio_internacao,Distância média até a internação,deslocamento,km,dec1,0,SIH/SUS (AIH reduzida) + IBGE (Localidades 2022),"média ponderada da distância em linha reta entre as sedes municipais (IBGE, Localidades 2022) do município de residência e do município do hospital (0 km no próprio município)","Distância geodésica (haversine) entre as sedes municipais, em linha reta: não é distância rodoviária, e o trajeto real é maior. Vazio quando não há internação de residentes no ano (ex.: Boa Esperança do Norte, ainda sem registros no SIH).",0,2025,"Distância média, em linha reta, percorrida pelos moradores para se internar.",40,
taxa_mortalidade_infantil,Taxa de mortalidade infantil,resultados,óbitos por mil nascidos vivos,dec1,-1,SIM / SINASC,1000 × obitos_menor1 / nascidos_vivos,Instável em municípios pequenos (menos de 100 nascidos vivos por ano); compare com a região e a série. Óbitos e nascimentos por residência da mãe; dados até 2024.,1,2024,Óbitos de menores de 1 ano por mil nascidos vivos.,41,Instável em municípios com menos de 100 nascidos vivos por ano; dados até 2024.
taxa_mortalidade_geral,Taxa de mortalidade geral,resultados,óbitos por mil habitantes,dec1,-1,SIM,1000 × obitos_residentes / populacao,"Taxa bruta, sem padronização por idade: municípios com população mais velha tendem a valores maiores. Em 2020–2021 inclui a COVID-19. Dados até 2024.",0,2024,Óbitos de residentes por mil habitantes (taxa bruta).,42,
pct_prenatal_7mais,Nascidos vivos com 7 ou mais consultas de pré-natal,resultados,% dos nascidos vivos,pct1,1,SINASC,100 × nascidos vivos com 7+ consultas / nascidos vivos com informação,Por residência da mãe; dados até 2024. Instável em municípios pequenos (menos de 100 nascidos vivos por ano); compare com a região e a série.,0,2024,Parcela dos nascidos vivos cujas mães fizeram 7 ou mais consultas de pré-natal.,43,
pct_baixo_peso,Nascidos vivos com baixo peso,resultados,% dos nascidos vivos,pct1,-1,SINASC,100 × nascidos vivos com menos de 2.500 g / nascidos vivos com informação,Por residência da mãe; dados até 2024. Instável em municípios pequenos (menos de 100 nascidos vivos por ano); compare com a região e a série.,0,2024,Parcela dos nascidos vivos com peso inferior a 2.500 g.,44,
pct_cesarea,Partos cesáreos,resultados,% dos nascidos vivos,pct1,0,SINASC,100 × nascidos vivos por cesariana / nascidos vivos com informação,Por residência da mãe; dados até 2024. Referência da OMS: 10% a 15%.,0,2024,Parcela dos nascimentos por cesariana.,45,
pct_mae_adolescente,Nascidos vivos de mães adolescentes,resultados,% dos nascidos vivos,pct1,-1,SINASC,100 × nascidos vivos de mães com menos de 20 anos / nascidos vivos com informação,Por residência da mãe; dados até 2024. Instável em municípios pequenos (menos de 100 nascidos vivos por ano); compare com a região e a série.,0,2024,Parcela dos nascidos vivos de mães com menos de 20 anos.,46,
