ano,uf,nome_uf,internacoes
2020,GO,Goiás,419
2020,PA,Pará,345
2020,TO,Tocantins,313
2020,PR,Paraná,166
2020,SP,São Paulo,155
2020,MS,Mato Grosso do Sul,145
2020,RO,Rondônia,130
2020,MA,Maranhão,70
2020,MG,Minas Gerais,62
2020,RS,Rio Grande do Sul,45
2020,SC,Santa Catarina,42
2020,AL,Alagoas,32
2020,BA,Bahia,26
2020,RN,Rio Grande do Norte,25
2020,PI,Piauí,20
2020,CE,Ceará,15
2020,AM,Amazonas,10
2020,DF,Distrito Federal,9
2020,RJ,Rio de Janeiro,9
2020,RR,Roraima,8
2020,PE,Pernambuco,6
2020,AP,Amapá,5
2020,PB,Paraíba,5
2020,SE,Sergipe,5
2020,AC,Acre,4
2020,ES,Espírito Santo,3
2021,GO,Goiás,424
2021,TO,Tocantins,254
2021,PA,Pará,244
2021,SP,São Paulo,223
2021,PR,Paraná,221
2021,RO,Rondônia,213
2021,MS,Mato Grosso do Sul,153
2021,MA,Maranhão,119
2021,MG,Minas Gerais,83
2021,SC,Santa Catarina,71
2021,RS,Rio Grande do Sul,56
2021,BA,Bahia,46
2021,RN,Rio Grande do Norte,35
2021,PI,Piauí,30
2021,AL,Alagoas,29
2021,AC,Acre,21
2021,PB,Paraíba,21
2021,SE,Sergipe,18
2021,CE,Ceará,16
2021,PE,Pernambuco,16
2021,DF,Distrito Federal,14
2021,RR,Roraima,13
2021,ES,Espírito Santo,12
2021,RJ,Rio de Janeiro,12
2021,AM,Amazonas,10
2021,AP,Amapá,6
2022,GO,Goiás,396
2022,TO,Tocantins,290
2022,PA,Pará,225
2022,RO,Rondônia,188
2022,SP,São Paulo,186
2022,PR,Paraná,178
2022,MS,Mato Grosso do Sul,169
2022,MA,Maranhão,136
2022,SC,Santa Catarina,74
2022,MG,Minas Gerais,65
2022,RS,Rio Grande do Sul,50
2022,RN,Rio Grande do Norte,47
2022,BA,Bahia,45
2022,AL,Alagoas,35
2022,PE,Pernambuco,30
2022,AC,Acre,24
2022,AM,Amazonas,20
2022,PI,Piauí,18
2022,ES,Espírito Santo,17
2022,DF,Distrito Federal,14
2022,CE,Ceará,12
2022,RJ,Rio de Janeiro,12
2022,SE,Sergipe,12
2022,RR,Roraima,8
2022,PB,Paraíba,4
2022,AP,Amapá,2
2023,GO,Goiás,565
2023,TO,Tocantins,352
2023,PA,Pará,291
2023,SP,São Paulo,253
2023,RO,Rondônia,241
2023,PR,Paraná,231
2023,MA,Maranhão,220
2023,MS,Mato Grosso do Sul,213
2023,MG,Minas Gerais,77
2023,SC,Santa Catarina,72
2023,RS,Rio Grande do Sul,70
2023,BA,Bahia,60
2023,RR,Roraima,44
2023,AL,Alagoas,37
2023,AM,Amazonas,34
2023,PE,Pernambuco,34
2023,PI,Piauí,32
2023,RN,Rio Grande do Norte,28
2023,AC,Acre,26
2023,DF,Distrito Federal,25
2023,RJ,Rio de Janeiro,23
2023,CE,Ceará,22
2023,PB,Paraíba,15
2023,ES,Espírito Santo,11
2023,SE,Sergipe,11
2023,AP,Amapá,7
2024,GO,Goiás,779
2024,PA,Pará,385
2024,TO,Tocantins,346
2024,MA,Maranhão,304
2024,RO,Rondônia,289
2024,PR,Paraná,288
2024,SP,São Paulo,257
2024,MS,Mato Grosso do Sul,220
2024,MG,Minas Gerais,146
2024,SC,Santa Catarina,112
2024,RS,Rio Grande do Sul,103
2024,RR,Roraima,81
2024,BA,Bahia,80
2024,AL,Alagoas,71
2024,AM,Amazonas,54
2024,PE,Pernambuco,41
2024,RN,Rio Grande do Norte,39
2024,AC,Acre,34
2024,DF,Distrito Federal,33
2024,PI,Piauí,32
2024,RJ,Rio de Janeiro,32
2024,CE,Ceará,28
2024,PB,Paraíba,18
2024,AP,Amapá,15
2024,SE,Sergipe,10
2024,ES,Espírito Santo,5
2025,GO,Goiás,888
2025,PA,Pará,398
2025,TO,Tocantins,365
2025,RO,Rondônia,359
2025,MS,Mato Grosso do Sul,314
2025,SP,São Paulo,300
2025,MA,Maranhão,283
2025,PR,Paraná,275
2025,SC,Santa Catarina,146
2025,MG,Minas Gerais,140
2025,RS,Rio Grande do Sul,104
2025,RR,Roraima,100
2025,BA,Bahia,87
2025,AL,Alagoas,67
2025,AM,Amazonas,56
2025,DF,Distrito Federal,52
2025,AC,Acre,51
2025,PE,Pernambuco,48
2025,PI,Piauí,43
2025,RN,Rio Grande do Norte,43
2025,CE,Ceará,36
2025,RJ,Rio de Janeiro,36
2025,PB,Paraíba,28
2025,SE,Sergipe,19
2025,ES,Espírito Santo,17
2025,AP,Amapá,13
