ano,nivel,internacoes,pct_proprio_mun,pct_mesma_regiao,pct_outra_regiao,km_medio,n_res_ignorada,n_outra_uf,pct_eletivas_proprio,pct_eletivas_fora
2020,AC,5094,45.7,23.6,30.7,113.1,0,63,40.1,38.9
2020,MC,160682,73.2,20.2,6.6,33.3,0,2011,8.6,11.9
2020,total,165776,72.3,20.3,7.3,35.7,0,2074,9.2,13.6
2021,AC,5896,44.0,24.0,32.0,121.4,0,69,35.1,36.4
2021,MC,184325,73.9,19.3,6.7,33.5,0,2291,10.8,15.9
2021,total,190221,73.0,19.4,7.5,36.2,0,2360,11.3,17.2
2022,AC,7194,42.0,27.5,30.5,119.2,0,93,32.9,35.3
2022,MC,196694,73.5,19.8,6.8,35.1,0,2164,14.2,19.6
2022,total,203888,72.4,20.0,7.6,38.1,0,2257,14.6,20.8
2023,AC,9442,42.4,25.8,31.8,128.1,0,126,37.1,46.5
2023,MC,214812,72.5,19.3,8.2,39.3,0,2868,19.7,26.7
2023,total,224254,71.2,19.6,9.2,43.1,0,2994,20.1,28.4
2024,AC,11220,42.0,26.4,31.6,125.7,0,164,32.7,41.6
2024,MC,233660,72.1,19.8,8.1,41.1,0,3638,18.2,28.1
2024,total,244880,70.7,20.1,9.2,45.0,0,3802,18.6,29.3
2025,AC,12473,40.7,24.0,35.3,138.7,0,192,30.4,36.3
2025,MC,246528,71.8,19.7,8.5,42.4,0,4076,17.9,30.4
2025,total,259001,70.3,19.9,9.8,47.0,0,4268,18.3,31.0
