cod_mun6,municipio,ano,internacoes_recebidas,recebidas_de_fora,pct_recebidas_de_fora,n_origens,saldo,internacoes_ac_recebidas
510340,Cuiabá,2020,36832,16161,43.9,138,14842,3138
510760,Rondonópolis,2020,19247,5369,27.9,82,5121,1206
510250,Cáceres,2020,9831,4466,45.4,42,4203,14
510840,Várzea Grande,2020,9041,2450,27.1,91,-4228,5
510790,Sinop,2020,7527,1679,22.3,65,1170,612
510792,Sorriso,2020,6319,2746,43.5,46,2213,6
510704,Primavera do Leste,2020,4631,652,14.1,30,-2,20
510025,Alta Floresta,2020,4526,1738,38.4,19,1467,0
510525,Lucas do Rio Verde,2020,4251,153,3.6,42,-248,0
510795,Tangará da Serra,2020,4128,128,3.1,32,-394,0
510180,Barra do Garças,2020,3542,766,21.6,29,535,0
510675,Pontes e Lacerda,2020,3497,1111,31.8,24,410,0
510515,Juína,2020,3230,944,29.2,29,715,1
510335,Confresa,2020,3121,1293,41.4,21,1135,0
510642,Peixoto de Azevedo,2020,2815,974,34.6,28,776,1
510320,Colíder,2020,2565,1099,42.8,34,894,0
510020,Água Boa,2020,2451,1356,55.3,29,1220,0
510622,Nova Mutum,2020,2053,203,9.9,47,-67,0
510267,Campo Verde,2020,1947,80,4.1,14,-575,0
510510,Juara,2020,1565,224,14.3,15,51,0
510650,Poconé,2020,1391,33,2.4,6,-723,89
510787,Sapezal,2020,1308,0,0.0,0,-201,0
510170,Barra do Bugres,2020,1263,484,38.3,14,172,0
510330,Comodoro,2020,1208,7,0.6,3,-305,0
510480,Jaciara,2020,1186,206,17.4,7,-388,0
510410,Guarantã do Norte,2020,1157,15,1.3,9,-284,0
510706,Querência,2020,1142,36,3.2,17,-175,0
510590,Nobres,2020,1105,9,0.8,3,-362,0
510350,Diamantino,2020,1104,250,22.6,9,-17,0
510190,Brasnorte,2020,1081,1,0.1,1,-316,0
510785,São Félix do Araguaia,2020,1080,326,30.2,6,230,0
510550,Vila Bela da Santíssima Trindade,2020,1064,23,2.2,8,-338,0
510625,Nova Xavantina,2020,1034,29,2.8,11,-78,0
510325,Colniza,2020,984,32,3.3,7,-281,1
510700,Poxoréo,2020,877,50,5.7,5,-428,0
510630,Paranatinga,2020,850,37,4.4,16,-502,0
510263,Campo Novo do Parecis,2020,839,27,3.2,16,-368,0
510770,Rosário Oeste,2020,815,2,0.2,2,-360,0
510270,Canarana,2020,799,105,13.1,17,-215,0
510140,Aripuanã,2020,687,7,1.0,5,-270,0
510562,Mirassol d'Oeste,2020,681,20,2.9,8,-783,0
510623,Nova Olímpia,2020,645,4,0.6,2,-196,0
510560,Matupá,2020,630,45,7.1,20,-297,0
510730,São José do Rio Claro,2020,559,20,3.6,3,-179,0
510305,Cláudia,2020,541,17,3.1,10,-378,0
510030,Alto Araguaia,2020,488,7,1.4,3,-404,0
510860,Vila Rica,2020,486,30,6.2,9,-243,0
510337,Cotriguaçu,2020,485,26,5.4,13,-114,0
510517,Juruena,2020,456,43,9.4,12,-151,0
510558,Marcelândia,2020,427,15,3.5,6,-337,0
510260,Campinápolis,2020,373,1,0.3,1,-328,0
510805,Terra Nova do Norte,2020,371,30,8.1,15,-305,0
510637,Pedra Preta,2020,362,0,0.0,0,-689,0
510680,Porto dos Gaúchos,2020,345,47,13.6,18,-74,0
510080,Apiacás,2020,328,4,1.2,3,-290,0
510268,Campos de Júlio,2020,318,4,1.3,3,-257,0
510628,Novo São Joaquim,2020,308,25,8.1,8,-72,0
510460,Itiquira,2020,292,1,0.3,1,-395,0
510360,Dom Aquino,2020,270,0,0.0,0,-195,0
510420,Guiratinga,2020,264,1,0.4,1,-281,0
510800,Tapurah,2020,260,2,0.8,2,-498,0
510718,Ribeirão Cascalheira,2020,246,20,8.1,11,-192,0
510794,Tabaporã,2020,242,11,4.5,4,-164,0
510820,Torixoréu,2020,227,26,11.5,12,-47,1
510520,Juscimeira,2020,223,5,2.2,4,-417,0
510629,Paranaíta,2020,217,25,11.5,14,-494,0
510385,Gaúcha do Norte,2020,192,1,0.5,1,-173,0
510500,Jauru,2020,185,6,3.2,2,-323,0
510390,General Carneiro,2020,171,11,6.4,3,-284,0
510777,Santa Terezinha,2020,161,4,2.5,3,-237,0
510310,Cocalinho,2020,136,22,16.2,15,-64,0
510130,Arenápolis,2020,120,70,58.3,13,-201,0
510060,Alto Taquari,2020,112,2,1.8,2,-107,0
510775,Salto do Céu,2020,104,7,6.7,4,-118,0
510627,Novo Horizonte do Norte,2020,94,8,8.5,4,-58,0
510125,Araputanga,2020,72,0,0.0,0,-473,0
510610,Nossa Senhora do Livramento,2020,69,2,2.9,2,-400,0
510720,Rio Branco,2020,65,3,4.6,2,-182,0
510810,Tesouro,2020,61,1,1.6,1,-96,0
510719,Ribeirãozinho,2020,56,5,8.9,4,-73,0
510670,Ponte Branca,2020,41,4,9.8,2,-37,0
510340,Cuiabá,2021,37841,15494,40.9,137,13637,3606
510760,Rondonópolis,2021,22335,6315,28.3,84,6012,1334
510840,Várzea Grande,2021,12543,3599,28.7,111,-2086,1
510250,Cáceres,2021,10424,4696,45.0,42,4305,11
510790,Sinop,2021,8163,1916,23.5,67,1307,680
510792,Sorriso,2021,6813,3030,44.5,58,2495,9
510704,Primavera do Leste,2021,5243,848,16.2,39,94,60
510525,Lucas do Rio Verde,2021,5041,105,2.1,36,-330,0
510795,Tangará da Serra,2021,4953,123,2.5,23,-439,0
510020,Água Boa,2021,4870,3063,62.9,26,2938,0
510025,Alta Floresta,2021,4812,1831,38.1,23,1599,0
510675,Pontes e Lacerda,2021,3878,1212,31.3,28,451,0
510180,Barra do Garças,2021,3759,743,19.8,43,575,1
510335,Confresa,2021,3502,1313,37.5,25,1129,1
510515,Juína,2021,3219,1016,31.6,20,756,0
510642,Peixoto de Azevedo,2021,3019,1109,36.7,40,870,0
510622,Nova Mutum,2021,2851,423,14.8,57,143,0
510320,Colíder,2021,2607,1103,42.3,34,797,1
510263,Campo Novo do Parecis,2021,2212,32,1.4,20,-423,0
510510,Juara,2021,2106,273,13.0,14,44,2
510267,Campo Verde,2021,2103,163,7.8,33,-516,0
510130,Arenápolis,2021,1642,1078,65.7,21,872,0
510650,Poconé,2021,1577,29,1.8,5,-697,188
510480,Jaciara,2021,1558,244,15.7,5,-480,0
510625,Nova Xavantina,2021,1515,48,3.2,16,-136,0
510410,Guarantã do Norte,2021,1485,19,1.3,11,-219,0
510787,Sapezal,2021,1335,0,0.0,0,-248,0
510330,Comodoro,2021,1323,3,0.2,3,-413,2
510350,Diamantino,2021,1305,311,23.8,7,23,0
510706,Querência,2021,1221,117,9.6,30,-317,0
510325,Colniza,2021,1174,52,4.4,15,-226,0
510785,São Félix do Araguaia,2021,1140,414,36.3,11,297,0
510700,Poxoréo,2021,1114,50,4.5,8,-522,0
510590,Nobres,2021,1088,27,2.5,16,-374,0
510630,Paranatinga,2021,1049,5,0.5,3,-681,0
510270,Canarana,2021,1024,86,8.4,17,-552,0
510860,Vila Rica,2021,1019,16,1.6,6,-286,0
510190,Brasnorte,2021,947,5,0.5,5,-376,0
510550,Vila Bela da Santíssima Trindade,2021,936,44,4.7,11,-364,0
510562,Mirassol d'Oeste,2021,858,24,2.8,9,-840,0
510730,São José do Rio Claro,2021,809,17,2.1,8,-227,0
510629,Paranaíta,2021,797,82,10.3,11,-347,0
510770,Rosário Oeste,2021,758,36,4.7,8,-374,0
510305,Cláudia,2021,707,3,0.4,3,-459,0
510623,Nova Olímpia,2021,682,7,1.0,4,-183,0
510140,Aripuanã,2021,646,4,0.6,4,-265,0
510260,Campinápolis,2021,602,2,0.3,2,-541,0
510560,Matupá,2021,591,21,3.6,10,-361,0
510517,Juruena,2021,569,29,5.1,12,-189,0
510080,Apiacás,2021,525,0,0.0,0,-278,0
510794,Tabaporã,2021,507,0,0.0,0,-159,0
510030,Alto Araguaia,2021,500,10,2.0,3,-433,0
510558,Marcelândia,2021,491,0,0.0,0,-387,0
510637,Pedra Preta,2021,450,1,0.2,1,-693,0
510628,Novo São Joaquim,2021,445,0,0.0,0,-90,0
510680,Porto dos Gaúchos,2021,420,23,5.5,10,-112,0
510520,Juscimeira,2021,418,10,2.4,4,-445,0
510777,Santa Terezinha,2021,404,4,1.0,3,-258,0
510360,Dom Aquino,2021,382,0,0.0,0,-241,0
510337,Cotriguaçu,2021,371,21,5.7,15,-172,0
510805,Terra Nova do Norte,2021,360,13,3.6,7,-351,0
510420,Guiratinga,2021,349,1,0.3,1,-375,0
510460,Itiquira,2021,333,0,0.0,0,-431,0
510718,Ribeirão Cascalheira,2021,293,3,1.0,3,-376,0
510268,Campos de Júlio,2021,263,0,0.0,0,-170,0
510310,Cocalinho,2021,211,16,7.6,8,-224,0
510385,Gaúcha do Norte,2021,211,0,0.0,0,-307,0
510820,Torixoréu,2021,192,1,0.5,1,-63,0
510500,Jauru,2021,178,4,2.2,2,-288,0
510060,Alto Taquari,2021,148,1,0.7,1,-119,0
510390,General Carneiro,2021,143,12,8.4,4,-330,0
510800,Tapurah,2021,136,0,0.0,0,-510,0
510610,Nossa Senhora do Livramento,2021,126,0,0.0,0,-336,0
510775,Salto do Céu,2021,112,2,1.8,1,-157,0
510720,Rio Branco,2021,102,1,1.0,1,-205,0
510125,Araputanga,2021,96,0,0.0,0,-560,0
510627,Novo Horizonte do Norte,2021,96,7,7.3,5,-110,0
510670,Ponte Branca,2021,93,6,6.5,6,-37,0
510810,Tesouro,2021,70,2,2.9,2,-130,0
510719,Ribeirãozinho,2021,31,0,0.0,0,-60,0
510340,Cuiabá,2022,42979,17561,40.9,138,16578,3922
510760,Rondonópolis,2022,24489,6966,28.4,92,6575,1793
510840,Várzea Grande,2022,10876,2975,27.4,130,-3318,252
510250,Cáceres,2022,10248,4744,46.3,55,4477,22
510790,Sinop,2022,8410,2258,26.8,78,1094,1049
510792,Sorriso,2022,6706,2880,42.9,66,2080,8
510020,Água Boa,2022,5609,3559,63.5,41,3424,25
510525,Lucas do Rio Verde,2022,5197,274,5.3,42,-112,9
510795,Tangará da Serra,2022,4653,136,2.9,33,-594,0
510704,Primavera do Leste,2022,4471,668,14.9,33,-312,15
510025,Alta Floresta,2022,4368,1697,38.9,26,1090,0
510675,Pontes e Lacerda,2022,4350,1436,33.0,24,647,3
510335,Confresa,2022,3990,1507,37.8,16,1364,0
510515,Juína,2022,3966,1078,27.2,15,784,6
510622,Nova Mutum,2022,3692,911,24.7,51,622,0
510180,Barra do Garças,2022,3435,763,22.2,47,580,0
510320,Colíder,2022,3106,1513,48.7,40,1185,0
510642,Peixoto de Azevedo,2022,2682,951,35.5,41,717,0
510267,Campo Verde,2022,2680,152,5.7,35,-618,0
510263,Campo Novo do Parecis,2022,2521,34,1.3,19,-337,1
510410,Guarantã do Norte,2022,2030,100,4.9,29,-168,1
510510,Juara,2022,1989,347,17.4,37,89,0
510130,Arenápolis,2022,1836,1283,69.9,26,1102,0
510650,Poconé,2022,1803,54,3.0,5,-751,80
510480,Jaciara,2022,1766,284,16.1,11,-526,3
510350,Diamantino,2022,1733,492,28.4,13,148,0
510625,Nova Xavantina,2022,1656,103,6.2,21,-36,0
510629,Paranaíta,2022,1488,661,44.4,19,315,1
510190,Brasnorte,2022,1392,8,0.6,5,-337,0
510630,Paranatinga,2022,1386,9,0.6,7,-650,0
510706,Querência,2022,1375,93,6.8,28,-485,0
510325,Colniza,2022,1343,38,2.8,13,-360,0
510787,Sapezal,2022,1340,0,0.0,0,-278,0
510330,Comodoro,2022,1286,6,0.5,5,-495,0
510140,Aripuanã,2022,1174,3,0.3,2,-387,0
510785,São Félix do Araguaia,2022,1145,417,36.4,11,290,1
510270,Canarana,2022,1117,59,5.3,13,-618,0
510700,Poxoréo,2022,1103,55,5.0,7,-539,0
510550,Vila Bela da Santíssima Trindade,2022,1102,34,3.1,7,-355,0
510562,Mirassol d'Oeste,2022,1092,44,4.0,11,-947,0
510590,Nobres,2022,1057,22,2.1,11,-429,0
510860,Vila Rica,2022,913,5,0.5,4,-312,1
510730,São José do Rio Claro,2022,861,4,0.5,3,-326,2
510558,Marcelândia,2022,738,21,2.8,14,-467,0
510560,Matupá,2022,675,32,4.7,15,-368,0
510260,Campinápolis,2022,650,1,0.2,1,-543,0
510623,Nova Olímpia,2022,642,6,0.9,4,-204,0
510030,Alto Araguaia,2022,618,9,1.5,6,-379,0
510770,Rosário Oeste,2022,614,4,0.7,3,-418,0
510520,Juscimeira,2022,610,8,1.3,4,-491,0
510517,Juruena,2022,566,10,1.8,7,-232,0
510628,Novo São Joaquim,2022,526,0,0.0,0,-99,0
510794,Tabaporã,2022,520,0,0.0,0,-169,0
510360,Dom Aquino,2022,480,1,0.2,1,-309,0
510080,Apiacás,2022,471,4,0.8,4,-284,0
510777,Santa Terezinha,2022,451,0,0.0,0,-262,0
510460,Itiquira,2022,438,1,0.2,1,-518,0
510680,Porto dos Gaúchos,2022,434,8,1.8,1,-117,0
510800,Tapurah,2022,424,0,0.0,0,-537,0
510420,Guiratinga,2022,399,0,0.0,0,-424,0
510337,Cotriguaçu,2022,392,3,0.8,3,-213,0
510637,Pedra Preta,2022,383,1,0.3,1,-739,0
510805,Terra Nova do Norte,2022,381,11,2.9,6,-299,0
510718,Ribeirão Cascalheira,2022,365,1,0.3,1,-465,0
510268,Campos de Júlio,2022,349,2,0.6,2,-300,0
510305,Cláudia,2022,333,2,0.6,2,-558,0
510060,Alto Taquari,2022,305,2,0.7,2,-136,0
510310,Cocalinho,2022,267,10,3.7,6,-275,0
510820,Torixoréu,2022,202,26,12.9,9,-29,0
510627,Novo Horizonte do Norte,2022,170,5,2.9,5,-110,0
510390,General Carneiro,2022,147,6,4.1,3,-314,0
510500,Jauru,2022,144,4,2.8,4,-309,0
510775,Salto do Céu,2022,135,1,0.7,1,-139,0
510385,Gaúcha do Norte,2022,120,0,0.0,0,-334,0
510125,Araputanga,2022,104,0,0.0,0,-595,0
510670,Ponte Branca,2022,102,2,2.0,1,-56,0
510810,Tesouro,2022,92,2,2.2,2,-125,0
510610,Nossa Senhora do Livramento,2022,85,1,1.2,1,-370,0
510170,Barra do Bugres,2022,73,0,0.0,0,-1001,0
510720,Rio Branco,2022,35,3,8.6,3,-219,0
510719,Ribeirãozinho,2022,33,0,0.0,0,-58,0
510340,Cuiabá,2023,49980,20152,40.3,140,18884,4745
510760,Rondonópolis,2023,27014,7905,29.3,99,7360,2430
510250,Cáceres,2023,12429,5537,44.5,63,5119,16
510840,Várzea Grande,2023,12339,5304,43.0,137,-1694,737
510790,Sinop,2023,9533,2581,27.1,74,631,1290
510792,Sorriso,2023,7270,3371,46.4,76,2435,78
510525,Lucas do Rio Verde,2023,6534,303,4.6,56,-204,25
510020,Água Boa,2023,5270,3474,65.9,40,3296,4
510675,Pontes e Lacerda,2023,4765,1658,34.8,22,612,0
510704,Primavera do Leste,2023,4446,643,14.5,36,-508,15
510515,Juína,2023,4344,1029,23.7,45,540,6
510025,Alta Floresta,2023,4300,1770,41.2,37,1127,0
510335,Confresa,2023,4297,1689,39.3,17,1482,2
510622,Nova Mutum,2023,4077,1042,25.6,82,704,8
510180,Barra do Garças,2023,3947,868,22.0,51,514,6
510320,Colíder,2023,3206,1567,48.9,50,1177,1
510267,Campo Verde,2023,3162,272,8.6,50,-508,0
510642,Peixoto de Azevedo,2023,2852,1106,38.8,35,801,0
510410,Guarantã do Norte,2023,2826,166,5.9,35,-153,0
510263,Campo Novo do Parecis,2023,2656,53,2.0,21,-397,0
510795,Tangará da Serra,2023,2339,57,2.4,24,-817,0
510510,Juara,2023,2172,464,21.4,49,135,0
510350,Diamantino,2023,1836,611,33.3,32,191,0
510190,Brasnorte,2023,1816,17,0.9,11,-347,0
510706,Querência,2023,1748,93,5.3,32,-514,0
510625,Nova Xavantina,2023,1717,137,8.0,27,-65,1
510787,Sapezal,2023,1703,0,0.0,0,-289,0
510650,Poconé,2023,1695,114,6.7,5,-863,39
510480,Jaciara,2023,1539,205,13.3,11,-744,0
510630,Paranatinga,2023,1445,8,0.6,7,-624,0
510629,Paranaíta,2023,1363,431,31.6,13,51,0
510700,Poxoréo,2023,1350,45,3.3,8,-726,0
510130,Arenápolis,2023,1347,714,53.0,21,482,0
510550,Vila Bela da Santíssima Trindade,2023,1332,64,4.8,10,-324,0
510325,Colniza,2023,1307,26,2.0,12,-333,0
510785,São Félix do Araguaia,2023,1290,481,37.3,18,350,0
510330,Comodoro,2023,1244,5,0.4,3,-630,1
510562,Mirassol d'Oeste,2023,1156,46,4.0,14,-1118,0
510590,Nobres,2023,1099,24,2.2,11,-528,0
510170,Barra do Bugres,2023,1080,73,6.8,11,-432,0
510140,Aripuanã,2023,1078,1,0.1,1,-449,0
510270,Canarana,2023,1070,100,9.3,18,-565,0
510860,Vila Rica,2023,938,6,0.6,6,-339,2
510730,São José do Rio Claro,2023,927,9,1.0,6,-414,0
510560,Matupá,2023,835,28,3.4,14,-458,0
510770,Rosário Oeste,2023,760,35,4.6,10,-305,0
510520,Juscimeira,2023,681,15,2.2,8,-538,0
510030,Alto Araguaia,2023,670,17,2.5,6,-447,0
510260,Campinápolis,2023,606,0,0.0,0,-656,0
510680,Porto dos Gaúchos,2023,583,5,0.9,5,-200,0
510517,Juruena,2023,574,5,0.9,4,-314,0
510623,Nova Olímpia,2023,557,10,1.8,4,-250,0
510337,Cotriguaçu,2023,546,6,1.1,5,-249,0
510305,Cláudia,2023,544,3,0.6,3,-589,0
510420,Guiratinga,2023,540,1,0.2,1,-541,0
510558,Marcelândia,2023,533,10,1.9,7,-449,0
510800,Tapurah,2023,530,3,0.6,2,-596,0
510460,Itiquira,2023,526,0,0.0,0,-593,35
510628,Novo São Joaquim,2023,519,1,0.2,1,-181,0
510080,Apiacás,2023,516,2,0.4,1,-304,0
510360,Dom Aquino,2023,509,0,0.0,0,-375,0
510805,Terra Nova do Norte,2023,483,42,8.7,11,-374,0
510777,Santa Terezinha,2023,436,4,0.9,2,-329,0
510060,Alto Taquari,2023,418,5,1.2,4,-186,0
510268,Campos de Júlio,2023,409,1,0.2,1,-311,1
510637,Pedra Preta,2023,373,0,0.0,0,-868,0
510820,Torixoréu,2023,332,142,42.8,11,90,0
510310,Cocalinho,2023,279,0,0.0,0,-245,0
510718,Ribeirão Cascalheira,2023,248,1,0.4,1,-433,0
510627,Novo Horizonte do Norte,2023,223,5,2.2,3,-131,0
510390,General Carneiro,2023,188,5,2.7,2,-302,0
510125,Araputanga,2023,153,1,0.7,1,-626,0
510670,Ponte Branca,2023,151,2,1.3,2,-65,0
510500,Jauru,2023,129,1,0.8,1,-471,0
510610,Nossa Senhora do Livramento,2023,114,0,0.0,0,-500,0
510775,Salto do Céu,2023,103,1,1.0,1,-147,0
510810,Tesouro,2023,93,7,7.5,3,-141,0
510385,Gaúcha do Norte,2023,88,0,0.0,0,-354,0
510720,Rio Branco,2023,83,0,0.0,0,-213,0
510719,Ribeirãozinho,2023,52,0,0.0,0,-97,0
510794,Tabaporã,2023,32,0,0.0,0,-236,0
510340,Cuiabá,2024,53971,22311,41.3,140,20751,6159
510760,Rondonópolis,2024,27451,8902,32.4,103,8470,2484
510840,Várzea Grande,2024,14907,5501,36.9,133,-2339,621
510250,Cáceres,2024,13364,5938,44.4,55,5493,52
510790,Sinop,2024,9240,2669,28.9,67,418,1530
510792,Sorriso,2024,9001,3525,39.2,70,2317,91
510622,Nova Mutum,2024,6831,2944,43.1,96,2588,34
510525,Lucas do Rio Verde,2024,6599,453,6.9,61,-84,47
510795,Tangará da Serra,2024,5671,42,0.7,16,-724,0
510020,Água Boa,2024,5605,3616,64.5,47,3400,2
510704,Primavera do Leste,2024,5344,643,12.0,35,-505,38
510025,Alta Floresta,2024,5262,2074,39.4,41,1229,1
510675,Pontes e Lacerda,2024,4808,1635,34.0,17,476,0
510335,Confresa,2024,4496,1764,39.2,18,1396,2
510180,Barra do Garças,2024,4343,1028,23.7,51,493,2
510515,Juína,2024,4296,783,18.2,18,225,9
510320,Colíder,2024,3515,1747,49.7,45,1319,1
510267,Campo Verde,2024,3496,351,10.0,54,-660,0
510410,Guarantã do Norte,2024,2662,119,4.5,28,-200,2
510263,Campo Novo do Parecis,2024,2433,53,2.2,24,-403,2
510510,Juara,2024,2240,372,16.6,39,30,1
510642,Peixoto de Azevedo,2024,2060,740,35.9,31,318,1
510625,Nova Xavantina,2024,1922,249,13.0,33,4,1
510480,Jaciara,2024,1850,291,15.7,14,-621,0
510650,Poconé,2024,1837,287,15.6,13,-710,70
510706,Querência,2024,1812,106,5.8,23,-566,0
510787,Sapezal,2024,1749,0,0.0,0,-336,0
510629,Paranaíta,2024,1725,601,34.8,18,168,1
510350,Diamantino,2024,1661,598,36.0,38,206,0
510700,Poxoréo,2024,1637,200,12.2,19,-644,0
510550,Vila Bela da Santíssima Trindade,2024,1628,104,6.4,13,-285,0
510785,São Félix do Araguaia,2024,1523,595,39.1,25,454,0
510190,Brasnorte,2024,1493,5,0.3,3,-322,3
510325,Colniza,2024,1444,29,2.0,8,-381,1
510630,Paranatinga,2024,1384,8,0.6,4,-767,0
510130,Arenápolis,2024,1357,609,44.9,22,343,0
510140,Aripuanã,2024,1344,6,0.4,6,-490,0
510170,Barra do Bugres,2024,1306,130,10.0,19,-373,0
510590,Nobres,2024,1229,12,1.0,8,-734,0
510270,Canarana,2024,1214,116,9.6,26,-557,0
510560,Matupá,2024,1097,41,3.7,13,-421,49
510562,Mirassol d'Oeste,2024,1081,29,2.7,8,-1165,0
510330,Comodoro,2024,1068,1,0.1,1,-689,0
510860,Vila Rica,2024,991,13,1.3,6,-391,2
510770,Rosário Oeste,2024,936,71,7.6,10,-254,0
510730,São José do Rio Claro,2024,887,3,0.3,3,-485,0
510520,Juscimeira,2024,814,8,1.0,5,-585,0
510628,Novo São Joaquim,2024,630,88,14.0,19,-114,0
510623,Nova Olímpia,2024,629,12,1.9,4,-336,0
510305,Cláudia,2024,625,10,1.6,3,-616,0
510680,Porto dos Gaúchos,2024,611,6,1.0,1,-190,0
510268,Campos de Júlio,2024,593,4,0.7,3,-313,0
510558,Marcelândia,2024,587,15,2.6,7,-439,0
510260,Campinápolis,2024,580,0,0.0,0,-693,0
510337,Cotriguaçu,2024,564,8,1.4,6,-312,0
510310,Cocalinho,2024,561,0,0.0,0,-259,0
510030,Alto Araguaia,2024,555,16,2.9,5,-481,0
510517,Juruena,2024,544,6,1.1,3,-332,0
510777,Santa Terezinha,2024,530,3,0.6,3,-396,0
510060,Alto Taquari,2024,479,2,0.4,2,-235,0
510805,Terra Nova do Norte,2024,459,34,7.4,16,-286,14
510637,Pedra Preta,2024,452,0,0.0,0,-1193,0
510820,Torixoréu,2024,378,213,56.3,19,150,0
510360,Dom Aquino,2024,377,0,0.0,0,-363,0
510125,Araputanga,2024,346,5,1.4,2,-704,0
510420,Guiratinga,2024,334,1,0.3,1,-586,0
510794,Tabaporã,2024,332,3,0.9,2,-189,0
510460,Itiquira,2024,307,0,0.0,0,-694,0
510800,Tapurah,2024,260,0,0.0,0,-805,0
510080,Apiacás,2024,259,3,1.2,2,-360,0
510627,Novo Horizonte do Norte,2024,257,1,0.4,1,-146,0
510718,Ribeirão Cascalheira,2024,254,0,0.0,0,-539,0
510390,General Carneiro,2024,191,31,16.2,4,-289,0
510670,Ponte Branca,2024,107,9,8.4,6,-46,0
510610,Nossa Senhora do Livramento,2024,102,1,1.0,1,-643,0
510775,Salto do Céu,2024,92,3,3.3,3,-203,0
510500,Jauru,2024,73,1,1.4,1,-399,0
510810,Tesouro,2024,67,3,4.5,3,-175,0
510720,Rio Branco,2024,64,0,0.0,0,-263,0
510385,Gaúcha do Norte,2024,57,0,0.0,0,-396,0
510719,Ribeirãozinho,2024,40,0,0.0,0,-123,0
510340,Cuiabá,2025,58005,24176,41.7,140,22357,7467
510760,Rondonópolis,2025,28808,8724,30.3,88,8157,2364
510840,Várzea Grande,2025,19080,7259,38.0,137,-1067,762
510250,Cáceres,2025,12948,5895,45.5,52,5359,62
510790,Sinop,2025,8377,2205,26.3,59,46,1390
510622,Nova Mutum,2025,8334,3710,44.5,103,3312,177
510525,Lucas do Rio Verde,2025,6937,589,8.5,67,121,23
510792,Sorriso,2025,6718,2654,39.5,70,1462,90
510704,Primavera do Leste,2025,6408,1155,18.0,44,-52,34
510795,Tangará da Serra,2025,6008,86,1.4,28,-878,3
510025,Alta Floresta,2025,5960,2363,39.6,29,1499,0
510020,Água Boa,2025,5675,3629,63.9,46,3299,12
510675,Pontes e Lacerda,2025,5075,1776,35.0,27,459,1
510335,Confresa,2025,4688,1888,40.3,18,1516,2
510180,Barra do Garças,2025,4574,1068,23.3,44,573,22
510515,Juína,2025,4430,803,18.1,20,137,6
510320,Colíder,2025,3611,1862,51.6,38,1321,1
510267,Campo Verde,2025,3112,283,9.1,55,-668,7
510642,Peixoto de Azevedo,2025,3019,978,32.4,33,551,1
510263,Campo Novo do Parecis,2025,2799,64,2.3,21,-504,0
510510,Juara,2025,2375,446,18.8,33,95,0
510410,Guarantã do Norte,2025,2338,98,4.2,20,-211,1
510650,Poconé,2025,2252,599,26.6,20,-511,0
510625,Nova Xavantina,2025,2079,275,13.2,34,15,0
510350,Diamantino,2025,1948,575,29.5,23,75,0
510140,Aripuanã,2025,1895,12,0.6,5,-501,0
510629,Paranaíta,2025,1889,714,37.8,25,217,0
510325,Colniza,2025,1795,57,3.2,19,-555,0
510706,Querência,2025,1788,75,4.2,22,-543,0
510550,Vila Bela da Santíssima Trindade,2025,1752,359,20.5,19,-65,0
510787,Sapezal,2025,1683,0,0.0,0,-336,0
510785,São Félix do Araguaia,2025,1642,604,36.8,20,470,0
510190,Brasnorte,2025,1615,16,1.0,7,-309,0
510480,Jaciara,2025,1590,260,16.4,25,-737,0
510170,Barra do Bugres,2025,1518,132,8.7,16,-352,0
510700,Poxoréo,2025,1485,92,6.2,14,-738,0
510270,Canarana,2025,1275,76,6.0,17,-727,0
510130,Arenápolis,2025,1247,518,41.5,12,213,0
510560,Matupá,2025,1241,49,3.9,19,-445,21
510860,Vila Rica,2025,1161,9,0.8,7,-395,1
510590,Nobres,2025,1118,13,1.2,7,-666,0
510562,Mirassol d'Oeste,2025,1077,23,2.1,13,-1245,0
510330,Comodoro,2025,1071,3,0.3,3,-734,1
510630,Paranatinga,2025,1061,2,0.2,2,-796,0
510520,Juscimeira,2025,837,4,0.5,2,-604,0
510730,São José do Rio Claro,2025,816,5,0.6,3,-568,0
510718,Ribeirão Cascalheira,2025,814,2,0.2,1,-461,0
510770,Rosário Oeste,2025,766,22,2.9,6,-400,0
510260,Campinápolis,2025,738,1,0.1,1,-703,0
510680,Porto dos Gaúchos,2025,689,85,12.3,20,-164,0
510628,Novo São Joaquim,2025,637,198,31.1,36,-49,17
510623,Nova Olímpia,2025,631,14,2.2,3,-331,0
510305,Cláudia,2025,623,9,1.4,5,-510,0
510268,Campos de Júlio,2025,618,6,1.0,4,-358,0
510517,Juruena,2025,557,12,2.2,7,-282,0
510777,Santa Terezinha,2025,549,4,0.7,4,-394,0
510805,Terra Nova do Norte,2025,545,27,5.0,9,-455,0
510460,Itiquira,2025,517,0,0.0,0,-750,0
510030,Alto Araguaia,2025,485,21,4.3,4,-530,0
510794,Tabaporã,2025,434,2,0.5,1,-259,0
510080,Apiacás,2025,427,1,0.2,1,-452,0
510337,Cotriguaçu,2025,417,12,2.9,10,-387,0
510360,Dom Aquino,2025,411,1,0.2,1,-465,0
510637,Pedra Preta,2025,392,0,0.0,0,-1125,0
510125,Araputanga,2025,363,8,2.2,7,-795,0
510420,Guiratinga,2025,355,5,1.4,4,-575,0
510820,Torixoréu,2025,349,164,47.0,18,76,6
510800,Tapurah,2025,344,1,0.3,1,-785,0
510558,Marcelândia,2025,340,7,2.1,5,-720,0
510310,Cocalinho,2025,329,3,0.9,1,-295,0
510627,Novo Horizonte do Norte,2025,320,2,0.6,1,-168,0
510060,Alto Taquari,2025,291,1,0.3,1,-290,1
510720,Rio Branco,2025,229,7,3.1,5,-306,0
510385,Gaúcha do Norte,2025,161,3,1.9,2,-472,0
510390,General Carneiro,2025,119,10,8.4,6,-347,0
510610,Nossa Senhora do Livramento,2025,91,3,3.3,3,-587,0
510500,Jauru,2025,79,0,0.0,0,-447,0
510719,Ribeirãozinho,2025,70,3,4.3,2,-89,0
510670,Ponte Branca,2025,68,2,2.9,2,-71,1
510775,Salto do Céu,2025,68,1,1.5,1,-298,0
510810,Tesouro,2025,61,11,18.0,7,-193,0
