co_regsaud,regiao_saude,co_macsaud,macrorregiao,n_municipios,populacao_2025
51001,Alto Tapajós,5103,Norte,6,116000
51002,Baixada Cuiabana,5105,Centro-Norte,11,1116572
51003,Araguaia Xingu,5104,Leste,7,92121
51004,Centro Norte,5106,Centro-Noroeste,7,87035
51005,Garças Araguaia,5104,Leste,10,149674
51006,Médio Araguaia,5104,Leste,8,130443
51007,Médio Norte Matogrossense,5106,Centro-Noroeste,10,271181
51008,Noroeste Matogrossense,5106,Centro-Noroeste,7,146104
51009,Norte Araguaia Karajá,5104,Leste,5,27122
51010,Norte Matogrossense,5103,Norte,6,69392
51011,Oeste Matogrossense,5102,Oeste,12,186817
51012,Sudoeste Matogrossense,5102,Oeste,10,130096
51013,Sul Matogrossense,5101,Sul,19,612566
51014,Teles Pires,5103,Norte,15,599699
51015,Vale do Peixoto,5103,Norte,5,103881
51016,Vale dos Arinos,5103,Norte,4,54956
