cod_mun6,cod_ibge7,municipio,lon,lat,fonte
510010,5100102,Acorizal,-56.3716,-15.1929,"IBGE, Localidades do Brasil 2022 (sede municipal)"
510020,5100201,Água Boa,-52.1618,-14.057,"IBGE, Localidades do Brasil 2022 (sede municipal)"
510025,5100250,Alta Floresta,-56.0834,-9.87,"IBGE, Localidades do Brasil 2022 (sede municipal)"
510030,5100300,Alto Araguaia,-53.2153,-17.3145,"IBGE, Localidades do Brasil 2022 (sede municipal)"
510035,5100359,Alto Boa Vista,-51.3767,-11.6749,"IBGE, Localidades do Brasil 2022 (sede municipal)"
510040,5100409,Alto Garças,-53.5315,-16.9432,"IBGE, Localidades do Brasil 2022 (sede municipal)"
510050,5100508,Alto Paraguai,-56.4952,-14.5137,"IBGE, Localidades do Brasil 2022 (sede municipal)"
510060,5100607,Alto Taquari,-53.2838,-17.8297,"IBGE, Localidades do Brasil 2022 (sede municipal)"
510080,5100805,Apiacás,-57.3937,-9.5634,"IBGE, Localidades do Brasil 2022 (sede municipal)"
510100,5101001,Araguaiana,-51.8356,-15.7223,"IBGE, Localidades do Brasil 2022 (sede municipal)"
510120,5101209,Araguainha,-53.0335,-16.8598,"IBGE, Localidades do Brasil 2022 (sede municipal)"
510125,5101258,Araputanga,-58.348,-15.4714,"IBGE, Localidades do Brasil 2022 (sede municipal)"
510130,5101308,Arenápolis,-56.8431,-14.4566,"IBGE, Localidades do Brasil 2022 (sede municipal)"
510140,5101407,Aripuanã,-59.454,-10.1749,"IBGE, Localidades do Brasil 2022 (sede municipal)"
510160,5101605,Barão de Melgaço,-55.9679,-16.1949,"IBGE, Localidades do Brasil 2022 (sede municipal)"
510170,5101704,Barra do Bugres,-57.1786,-15.0645,"IBGE, Localidades do Brasil 2022 (sede municipal)"
510180,5101803,Barra do Garças,-52.2649,-15.8941,"IBGE, Localidades do Brasil 2022 (sede municipal)"
510183,5101837,Boa Esperança do Norte,-55.15,-13.5103,"IBGE, Localidades do Brasil 2022 (sede municipal)"
510185,5101852,Bom Jesus do Araguaia,-51.505,-12.1728,"IBGE, Localidades do Brasil 2022 (sede municipal)"
510190,5101902,Brasnorte,-58.0029,-12.1223,"IBGE, Localidades do Brasil 2022 (sede municipal)"
510250,5102504,Cáceres,-57.6755,-16.0837,"IBGE, Localidades do Brasil 2022 (sede municipal)"
510260,5102603,Campinápolis,-52.7926,-14.5493,"IBGE, Localidades do Brasil 2022 (sede municipal)"
510263,5102637,Campo Novo do Parecis,-57.884,-13.6659,"IBGE, Localidades do Brasil 2022 (sede municipal)"
510267,5102678,Campo Verde,-55.164,-15.5433,"IBGE, Localidades do Brasil 2022 (sede municipal)"
510268,5102686,Campos de Júlio,-59.2619,-13.7119,"IBGE, Localidades do Brasil 2022 (sede municipal)"
510269,5102694,Canabrava do Norte,-51.8366,-11.0547,"IBGE, Localidades do Brasil 2022 (sede municipal)"
510270,5102702,Canarana,-52.2714,-13.5559,"IBGE, Localidades do Brasil 2022 (sede municipal)"
510279,5102793,Carlinda,-55.827,-9.9707,"IBGE, Localidades do Brasil 2022 (sede municipal)"
510285,5102850,Castanheira,-58.6129,-11.1394,"IBGE, Localidades do Brasil 2022 (sede municipal)"
510300,5103007,Chapada dos Guimarães,-55.749,-15.4601,"IBGE, Localidades do Brasil 2022 (sede municipal)"
510305,5103056,Cláudia,-54.8837,-11.5077,"IBGE, Localidades do Brasil 2022 (sede municipal)"
510310,5103106,Cocalinho,-51.0004,-14.3942,"IBGE, Localidades do Brasil 2022 (sede municipal)"
510320,5103205,Colíder,-55.4564,-10.8053,"IBGE, Localidades do Brasil 2022 (sede municipal)"
510325,5103254,Colniza,-59.2248,-9.4606,"IBGE, Localidades do Brasil 2022 (sede municipal)"
510330,5103304,Comodoro,-59.7902,-13.6601,"IBGE, Localidades do Brasil 2022 (sede municipal)"
510335,5103353,Confresa,-51.5712,-10.654,"IBGE, Localidades do Brasil 2022 (sede municipal)"
510336,5103361,Conquista D'Oeste,-59.544,-14.5375,"IBGE, Localidades do Brasil 2022 (sede municipal)"
510337,5103379,Cotriguaçu,-58.5698,-9.9053,"IBGE, Localidades do Brasil 2022 (sede municipal)"
510340,5103403,Cuiabá,-56.075,-15.5676,"IBGE, Localidades do Brasil 2022 (sede municipal)"
510343,5103437,Curvelândia,-57.9177,-15.6122,"IBGE, Localidades do Brasil 2022 (sede municipal)"
510345,5103452,Denise,-57.0538,-14.7275,"IBGE, Localidades do Brasil 2022 (sede municipal)"
510350,5103502,Diamantino,-56.4331,-14.4051,"IBGE, Localidades do Brasil 2022 (sede municipal)"
510360,5103601,Dom Aquino,-54.9203,-15.8094,"IBGE, Localidades do Brasil 2022 (sede municipal)"
510370,5103700,Feliz Natal,-54.936,-12.3887,"IBGE, Localidades do Brasil 2022 (sede municipal)"
510380,5103809,Figueirópolis D'Oeste,-58.7375,-15.4461,"IBGE, Localidades do Brasil 2022 (sede municipal)"
510385,5103858,Gaúcha do Norte,-53.2586,-13.1867,"IBGE, Localidades do Brasil 2022 (sede municipal)"
510390,5103908,General Carneiro,-52.7571,-15.7049,"IBGE, Localidades do Brasil 2022 (sede municipal)"
510395,5103957,Glória D'Oeste,-58.3112,-15.7673,"IBGE, Localidades do Brasil 2022 (sede municipal)"
510410,5104104,Guarantã do Norte,-54.9021,-9.9525,"IBGE, Localidades do Brasil 2022 (sede municipal)"
510420,5104203,Guiratinga,-53.764,-16.3502,"IBGE, Localidades do Brasil 2022 (sede municipal)"
510450,5104500,Indiavaí,-58.5775,-15.4961,"IBGE, Localidades do Brasil 2022 (sede municipal)"
510452,5104526,Ipiranga do Norte,-56.1468,-12.2407,"IBGE, Localidades do Brasil 2022 (sede municipal)"
510454,5104542,Itanhangá,-56.6472,-12.2373,"IBGE, Localidades do Brasil 2022 (sede municipal)"
510455,5104559,Itaúba,-55.2423,-11.0074,"IBGE, Localidades do Brasil 2022 (sede municipal)"
510460,5104609,Itiquira,-54.1482,-17.2063,"IBGE, Localidades do Brasil 2022 (sede municipal)"
510480,5104807,Jaciara,-54.9672,-15.967,"IBGE, Localidades do Brasil 2022 (sede municipal)"
510490,5104906,Jangada,-56.4923,-15.2327,"IBGE, Localidades do Brasil 2022 (sede municipal)"
510500,5105002,Jauru,-58.8701,-15.3393,"IBGE, Localidades do Brasil 2022 (sede municipal)"
510510,5105101,Juara,-57.511,-11.2529,"IBGE, Localidades do Brasil 2022 (sede municipal)"
510515,5105150,Juína,-58.7571,-11.4233,"IBGE, Localidades do Brasil 2022 (sede municipal)"
510517,5105176,Juruena,-58.4936,-10.3247,"IBGE, Localidades do Brasil 2022 (sede municipal)"
510520,5105200,Juscimeira,-54.8907,-16.054,"IBGE, Localidades do Brasil 2022 (sede municipal)"
510523,5105234,Lambari D'Oeste,-58.0065,-15.3169,"IBGE, Localidades do Brasil 2022 (sede municipal)"
510525,5105259,Lucas do Rio Verde,-55.9248,-13.0921,"IBGE, Localidades do Brasil 2022 (sede municipal)"
510530,5105309,Luciara,-50.6673,-11.2213,"IBGE, Localidades do Brasil 2022 (sede municipal)"
510550,5105507,Vila Bela da Santíssima Trindade,-59.9515,-15.0062,"IBGE, Localidades do Brasil 2022 (sede municipal)"
510558,5105580,Marcelândia,-54.522,-11.085,"IBGE, Localidades do Brasil 2022 (sede municipal)"
510560,5105606,Matupá,-54.9347,-10.1793,"IBGE, Localidades do Brasil 2022 (sede municipal)"
510562,5105622,Mirassol d'Oeste,-58.1024,-15.6745,"IBGE, Localidades do Brasil 2022 (sede municipal)"
510590,5105903,Nobres,-56.3425,-14.7264,"IBGE, Localidades do Brasil 2022 (sede municipal)"
510600,5106000,Nortelândia,-56.804,-14.4536,"IBGE, Localidades do Brasil 2022 (sede municipal)"
510610,5106109,Nossa Senhora do Livramento,-56.3466,-15.7746,"IBGE, Localidades do Brasil 2022 (sede municipal)"
510615,5106158,Nova Bandeirantes,-57.8153,-9.8503,"IBGE, Localidades do Brasil 2022 (sede municipal)"
510617,5106174,Nova Nazaré,-51.8003,-13.9882,"IBGE, Localidades do Brasil 2022 (sede municipal)"
510618,5106182,Nova Lacerda,-59.5863,-14.4775,"IBGE, Localidades do Brasil 2022 (sede municipal)"
510619,5106190,Nova Santa Helena,-55.1771,-10.8489,"IBGE, Localidades do Brasil 2022 (sede municipal)"
510620,5106208,Nova Brasilândia,-54.9747,-14.9321,"IBGE, Localidades do Brasil 2022 (sede municipal)"
510621,5106216,Nova Canaã do Norte,-55.7097,-10.6406,"IBGE, Localidades do Brasil 2022 (sede municipal)"
510622,5106224,Nova Mutum,-56.0878,-13.8167,"IBGE, Localidades do Brasil 2022 (sede municipal)"
510623,5106232,Nova Olímpia,-57.2838,-14.7794,"IBGE, Localidades do Brasil 2022 (sede municipal)"
510624,5106240,Nova Ubiratã,-55.247,-13.0357,"IBGE, Localidades do Brasil 2022 (sede municipal)"
510625,5106257,Nova Xavantina,-52.353,-14.6755,"IBGE, Localidades do Brasil 2022 (sede municipal)"
510626,5106265,Novo Mundo,-55.1708,-9.9741,"IBGE, Localidades do Brasil 2022 (sede municipal)"
510627,5106273,Novo Horizonte do Norte,-57.3178,-11.389,"IBGE, Localidades do Brasil 2022 (sede municipal)"
510628,5106281,Novo São Joaquim,-53.0236,-14.9143,"IBGE, Localidades do Brasil 2022 (sede municipal)"
510629,5106299,Paranaíta,-56.4758,-9.6655,"IBGE, Localidades do Brasil 2022 (sede municipal)"
510630,5106307,Paranatinga,-54.0532,-14.4255,"IBGE, Localidades do Brasil 2022 (sede municipal)"
510631,5106315,Novo Santo Antônio,-50.9679,-12.2946,"IBGE, Localidades do Brasil 2022 (sede municipal)"
510637,5106372,Pedra Preta,-54.4768,-16.6225,"IBGE, Localidades do Brasil 2022 (sede municipal)"
510642,5106422,Peixoto de Azevedo,-54.992,-10.2453,"IBGE, Localidades do Brasil 2022 (sede municipal)"
510645,5106455,Planalto da Serra,-54.7751,-14.6638,"IBGE, Localidades do Brasil 2022 (sede municipal)"
510650,5106505,Poconé,-56.6262,-16.2658,"IBGE, Localidades do Brasil 2022 (sede municipal)"
510665,5106653,Pontal do Araguaia,-52.2574,-15.9015,"IBGE, Localidades do Brasil 2022 (sede municipal)"
510670,5106703,Ponte Branca,-52.8341,-16.7645,"IBGE, Localidades do Brasil 2022 (sede municipal)"
510675,5106752,Pontes e Lacerda,-59.3407,-15.2259,"IBGE, Localidades do Brasil 2022 (sede municipal)"
510677,5106778,Porto Alegre do Norte,-51.6398,-10.8776,"IBGE, Localidades do Brasil 2022 (sede municipal)"
510680,5106802,Porto dos Gaúchos,-57.4139,-11.5354,"IBGE, Localidades do Brasil 2022 (sede municipal)"
510682,5106828,Porto Esperidião,-58.4643,-15.8554,"IBGE, Localidades do Brasil 2022 (sede municipal)"
510685,5106851,Porto Estrela,-57.2066,-15.3312,"IBGE, Localidades do Brasil 2022 (sede municipal)"
510700,5107008,Poxoréu,-54.396,-15.8271,"IBGE, Localidades do Brasil 2022 (sede municipal)"
510704,5107040,Primavera do Leste,-54.3002,-15.5554,"IBGE, Localidades do Brasil 2022 (sede municipal)"
510706,5107065,Querência,-52.2081,-12.5955,"IBGE, Localidades do Brasil 2022 (sede municipal)"
510710,5107107,São José dos Quatro Marcos,-58.1781,-15.6254,"IBGE, Localidades do Brasil 2022 (sede municipal)"
510715,5107156,Reserva do Cabaçal,-58.3867,-15.1186,"IBGE, Localidades do Brasil 2022 (sede municipal)"
510718,5107180,Ribeirão Cascalheira,-51.827,-12.9446,"IBGE, Localidades do Brasil 2022 (sede municipal)"
510719,5107198,Ribeirãozinho,-52.6961,-16.4871,"IBGE, Localidades do Brasil 2022 (sede municipal)"
510720,5107206,Rio Branco,-58.1061,-15.2364,"IBGE, Localidades do Brasil 2022 (sede municipal)"
510724,5107248,Santa Carmem,-55.2771,-11.9749,"IBGE, Localidades do Brasil 2022 (sede municipal)"
510726,5107263,Santo Afonso,-57.0004,-14.4956,"IBGE, Localidades do Brasil 2022 (sede municipal)"
510729,5107297,São José do Povo,-54.2539,-16.4653,"IBGE, Localidades do Brasil 2022 (sede municipal)"
510730,5107305,São José do Rio Claro,-56.7227,-13.4442,"IBGE, Localidades do Brasil 2022 (sede municipal)"
510735,5107354,São José do Xingu,-52.7321,-10.807,"IBGE, Localidades do Brasil 2022 (sede municipal)"
510740,5107404,São Pedro da Cipa,-54.9181,-16.0015,"IBGE, Localidades do Brasil 2022 (sede municipal)"
510757,5107578,Rondolândia,-61.4597,-10.8444,"IBGE, Localidades do Brasil 2022 (sede municipal)"
510760,5107602,Rondonópolis,-54.6221,-16.475,"IBGE, Localidades do Brasil 2022 (sede municipal)"
510770,5107701,Rosário Oeste,-56.4334,-14.8379,"IBGE, Localidades do Brasil 2022 (sede municipal)"
510774,5107743,Santa Cruz do Xingu,-52.3907,-10.1568,"IBGE, Localidades do Brasil 2022 (sede municipal)"
510775,5107750,Salto do Céu,-58.125,-15.1295,"IBGE, Localidades do Brasil 2022 (sede municipal)"
510776,5107768,Santa Rita do Trivelato,-55.2752,-13.8162,"IBGE, Localidades do Brasil 2022 (sede municipal)"
510777,5107776,Santa Terezinha,-50.5094,-10.4694,"IBGE, Localidades do Brasil 2022 (sede municipal)"
510779,5107792,Santo Antônio do Leste,-53.6088,-14.8056,"IBGE, Localidades do Brasil 2022 (sede municipal)"
510780,5107800,Santo Antônio de Leverger,-56.0785,-15.8635,"IBGE, Localidades do Brasil 2022 (sede municipal)"
510785,5107859,São Félix do Araguaia,-50.6623,-11.6167,"IBGE, Localidades do Brasil 2022 (sede municipal)"
510787,5107875,Sapezal,-58.8169,-13.5475,"IBGE, Localidades do Brasil 2022 (sede municipal)"
510788,5107883,Serra Nova Dourada,-51.3989,-12.0917,"IBGE, Localidades do Brasil 2022 (sede municipal)"
510790,5107909,Sinop,-55.5083,-11.8573,"IBGE, Localidades do Brasil 2022 (sede municipal)"
510792,5107925,Sorriso,-55.7275,-12.5453,"IBGE, Localidades do Brasil 2022 (sede municipal)"
510794,5107941,Tabaporã,-56.8223,-11.3069,"IBGE, Localidades do Brasil 2022 (sede municipal)"
510795,5107958,Tangará da Serra,-57.4706,-14.6068,"IBGE, Localidades do Brasil 2022 (sede municipal)"
510800,5108006,Tapurah,-56.5135,-12.7422,"IBGE, Localidades do Brasil 2022 (sede municipal)"
510805,5108055,Terra Nova do Norte,-55.1221,-10.5984,"IBGE, Localidades do Brasil 2022 (sede municipal)"
510810,5108105,Tesouro,-53.5545,-16.0798,"IBGE, Localidades do Brasil 2022 (sede municipal)"
510820,5108204,Torixoréu,-52.5595,-16.2054,"IBGE, Localidades do Brasil 2022 (sede municipal)"
510830,5108303,União do Sul,-54.3688,-11.5305,"IBGE, Localidades do Brasil 2022 (sede municipal)"
510835,5108352,Vale de São Domingos,-59.066,-15.2969,"IBGE, Localidades do Brasil 2022 (sede municipal)"
510840,5108402,Várzea Grande,-56.132,-15.666,"IBGE, Localidades do Brasil 2022 (sede municipal)"
510850,5108501,Vera,-55.2946,-12.2953,"IBGE, Localidades do Brasil 2022 (sede municipal)"
510860,5108600,Vila Rica,-51.1062,-10.0117,"IBGE, Localidades do Brasil 2022 (sede municipal)"
510880,5108808,Nova Guarita,-55.4036,-10.3095,"IBGE, Localidades do Brasil 2022 (sede municipal)"
510885,5108857,Nova Marilândia,-56.969,-14.3643,"IBGE, Localidades do Brasil 2022 (sede municipal)"
510890,5108907,Nova Maringá,-57.0914,-13.0353,"IBGE, Localidades do Brasil 2022 (sede municipal)"
510895,5108956,Nova Monte Verde,-57.4666,-9.9797,"IBGE, Localidades do Brasil 2022 (sede municipal)"
